entry_date,news_count,positive_news_count,negative_news_count,neutral_news_count,deepseek_daily_signal,qwen_daily_signal,daily_agent_signal,max_abs_news_signal,top_news_id,top_news_title,daily_direction,raw_daily_signal,t1_return,t3_return,t5_return,t10_return
2020-01-02,289,10,3,276,0.010795847750865051,0.0033564013840830455,0.12029411764705882,0.255,15459,宁德时代新能源科技股份有限公司创业板首次公开发行股票招股说明书(申报稿2017年11月3日报送),neutral,0.12029411764705882,0.018880208333333346,0.00911458333333337,0.06956845238095243,0.08258928571428581
2020-01-03,1,0,0,1,0.0,0.0,0.0,0.0,,,neutral,0.0,-0.00419899589228657,0.00045641259698765094,0.03432222729347335,0.050479233226837075
2020-01-14,4,0,0,4,0.0,0.0,0.0,0.0,,,neutral,0.0,-0.003457216940363057,-0.005358686257562701,0.051426101987899764,0.4156439066551425
2020-01-15,1,0,0,1,0.0,0.0,0.0,0.0,,,neutral,0.0,0.009540329575021756,0.06851691240242849,0.16062445793581956,0.4734605377276669
2020-01-16,1,0,0,1,0.0,0.0,0.0,0.0,,,neutral,0.0,-0.011340206185567074,0.045103092783505154,0.12173539518900332,0.37628865979381426
2020-01-20,1,0,0,1,0.0,0.0,0.0,0.0,,,neutral,0.0,-0.012581168831168808,0.05982142857142849,0.20860389610389612,0.28571428571428575
2020-01-22,1,0,0,1,0.0,0.0,0.0,0.0,,,neutral,0.0,-0.024286354804961892,0.11268868629502327,0.26954117471230005,0.16828575698699755
2020-02-04,2,1,0,1,0.21,0.21,0.2969848480983499,0.42,15143,宁德时代:关于公司与特斯拉开展业务合作的公告,positive,0.2969848480983499,0.09999999999999991,0.07588985896574871,0.06380120886501008,0.051846877098723966
2020-02-14,1,0,0,1,0.0,0.0,0.0,0.0,,,neutral,0.0,0.028018679119412866,0.022014676450967198,0.066711140760507,-0.09492995330220158
2020-02-28,18,1,3,14,-0.02,-0.05555555555555555,-0.16027753706895076,0.31499999999999995,15136,宁德时代:非公开发行股票预案,neutral,-0.16027753706895076,0.03184196948477941,0.05918773494508736,0.05786098621655505,-0.026313849782560576
2020-03-16,1,0,1,0,-0.48,-0.48,-0.48,0.48,15121,宁德时代:关于合计持股5%以上股东减持股份预披露公告,negative,-0.48,-0.009323030404837892,-0.03376448849319667,-0.09726188476398454,0.002099781622711238
2020-03-17,2,0,0,2,0.0,0.0,0.0,0.0,,,neutral,0.0,-0.005086901229334536,-0.017719372615515077,-0.05409071640525655,0.020686731665960134
2020-04-01,1,0,0,1,0.0,0.0,0.0,0.0,,,neutral,0.0,0.0265780730897009,0.03571428571428569,-0.0015780730897010957,0.10423588039867095
2020-04-10,1,0,0,1,0.0,0.0,0.0,0.0,,,neutral,0.0,-0.031825088637514744,0.08053351342225229,0.15608644268107374,0.11168326861387814
2020-04-13,1,0,1,0,-0.48,-0.48,-0.48,0.48,15116,宁德时代:关于持股5%以上股东减持股份预披露公告,negative,-0.48,0.10000871915598569,0.1592117882988926,0.17281367163658554,0.16758217804516523
2020-04-14,2,0,0,2,0.0,0.0,0.0,0.0,,,neutral,0.0,0.01458465440710212,0.08552631578947362,0.03455928979074203,0.0962270133164237
2020-04-20,1,0,0,1,0.0,0.0,0.0,0.0,,,neutral,0.0,-0.029663222065273817,-0.03427254479220865,-0.0044606348970336355,0.06460486209203775
2020-04-27,32,0,1,31,-0.005625,-0.008749999999999999,-0.04065863991822648,0.22999999999999998,15083,宁德时代:关于2019年度计提资产减值准备的公告,neutral,-0.04065863991822648,0.03278321260548141,0.07818684190874467,0.06937495332686126,0.012620416697782076
2020-04-29,3,0,0,3,0.0,0.0,0.0,0.0,,,neutral,0.0,0.04080161476355246,0.03229527104959624,-0.007929642445213339,0.022275086505190337
2020-05-07,2,0,0,2,0.0,0.0,0.0,0.0,,,neutral,0.0,0.006145251396648212,-0.02932960893854741,-0.05307262569832399,0.029748603351955446
2020-05-08,2,0,0,2,0.0,0.0,0.0,0.0,,,neutral,0.0,-0.04483620210993897,-0.040394225430316635,0.009716823986673912,-0.008814547473625834
2020-05-13,1,0,0,1,0.0,0.0,0.0,0.0,,,neutral,0.0,-0.019239114711413256,0.02567626211485615,0.07984955880225678,0.09576160856357595
2020-05-19,2,0,0,2,0.0,0.0,0.0,0.0,,,neutral,0.0,0.04216110568197697,-0.0031411419796173994,0.047256736004467476,0.043277956163618715
2020-05-28,12,0,2,10,-0.03,-0.09249999999999999,-0.2121762239271875,0.31499999999999995,15053,宁德时代:关于非公开发行股票预案(修订稿)披露的提示性公告,neutral,-0.2121762239271875,-0.015625000000000014,0.010957792207792237,0.014610389610389588,0.10917207792207782
2020-05-29,1,0,0,1,0.0,0.0,0.0,0.0,,,neutral,0.0,0.03724318010032287,0.020408163265306114,0.03896103896103888,0.09461966604823754
2020-06-15,2,0,1,1,-0.12,-0.22499999999999998,-0.24395183950935886,0.43499999999999994,15048,宁德时代:合计持股5%以上股东减持比例达到1%暨减持数量过半的公告,neutral,-0.24395183950935886,0.014584654407102165,0.007926442612555486,0.04629042485732411,0.07419150285351946
2020-06-22,1,0,0,1,0.0,0.0,0.0,0.0,,,neutral,0.0,0.023575757575757493,0.03660606060606056,0.0266666666666667,0.19739393939393934
2020-06-23,1,0,1,0,-0.18,-0.30000000000000004,-0.24000000000000002,0.24000000000000002,15044,宁德时代:关于持股5%以上股东减持时间过半的进展公告,neutral,-0.24000000000000002,0.015453845698383645,0.03238794481615269,-0.010006513115045284,0.213926224169578
2020-06-30,1,0,0,1,0.0,0.0,0.0,0.0,,,neutral,0.0,-0.028446891488873638,-0.03877036017435202,0.12170222528102774,0.23852947923835727
2020-07-01,1,0,0,1,-0.18,0.0,-0.09,0.09,15042,宁德时代:关于非公开发行股票申请获得中国证监会核准批复的公告,neutral,-0.09,-0.012987012987013087,0.04958677685950416,0.16629279811097986,0.22213695395513575
2020-07-13,2,0,0,2,0.0,0.0,0.0,0.0,,,neutral,0.0,-0.036410691178439265,-0.12199366382579983,-0.08393199767971087,-0.14640132077997411
2020-07-16,1,0,0,1,0.0,0.0,0.0,0.0,,,neutral,0.0,-0.005437820806017287,0.05198963256593987,0.08502312344361432,0.04360420795853018
2020-07-20,5,0,1,4,-0.036,-0.055999999999999994,-0.10285912696499032,0.22999999999999998,15035,宁德时代:非公开发行股票发行情况报告书,neutral,-0.10285912696499032,0.008280565026790008,0.03994154895275201,-0.06819288845591817,0.050170482221139706
2020-07-22,7,0,0,7,0.0,0.0,0.0,0.0,,,neutral,0.0,0.0269854249843668,-0.0798018182692769,-0.01784597623743316,0.01183318100918759
2020-07-29,2,0,0,2,0.0,0.0,0.0,0.0,,,neutral,0.0,0.005730238025271757,0.05593104123812316,0.030218434714467564,-0.041385052404740996
2020-07-31,4,0,1,3,-0.09,-0.0525,-0.14250000000000002,0.195,15020,宁德时代:非公开发行股票上市公告书,neutral,-0.14250000000000002,0.016166281755196337,-0.008578027053777599,-0.03714002922185038,-0.05561577979921753
2020-08-06,1,0,0,1,0.0,-0.30000000000000004,-0.15000000000000002,0.15000000000000002,15015,宁德时代:关于持股5%以上股东减持计划期限届满的公告,neutral,-0.15000000000000002,-0.03408983451536647,-0.06184397163120573,-0.07333333333333329,-0.1091252955082743
2020-08-12,6,1,0,5,0.06,0.03,0.11022703842524303,0.18,15012,宁德时代:关于控股子公司时代吉利动力电池有限公司投资建设动力电池宜宾项目的公告,neutral,0.11022703842524303,0.0013283604966025614,0.004547080161446967,-0.028304296735298586,-0.006795074848004823
2020-08-28,7,0,0,7,0.0,0.0,0.0,0.0,,,neutral,0.0,-0.009361497839654426,0.014450312049927944,-0.01939510321651474,-0.10081613058089293
2020-09-04,1,0,0,1,0.0,0.0,0.0,0.0,,,neutral,0.0,-0.08743757955546845,-0.09762067952609418,-0.08303143052971693,-0.030500342700479733
2020-09-11,9,0,0,9,0.02,0.0,0.03,0.09,14994,宁德时代:关于2019年限制性股票激励计划第一个限售期解除限售条件成就的公告,neutral,0.03,0.0292578750667378,0.026481580352375758,0.057287773625200156,0.022423918846769825
2020-09-18,1,0,0,1,0.0,0.0,0.0,0.0,,,neutral,0.0,-0.0005049739938392886,-0.005201232136544973,-0.032974801797707426,0.1855779427359491
2020-09-21,1,0,0,1,0.0,0.0,0.0,0.0,,,neutral,0.0,0.012984388420148502,-0.03592179053200633,-0.025362501894609257,0.19067347041883484
2020-09-23,1,0,0,1,0.0,0.0,0.0,0.0,,,neutral,0.0,-0.03137055837563455,-0.020761421319796972,0.061928934010152224,0.2111675126903553
2020-10-12,1,0,0,1,-0.18,0.0,-0.09,0.09,14985,宁德时代:关于股东权益变动暨股份减持计划时间届满的提示性公告,neutral,-0.09,0.0037907828605502443,0.016270551154272055,-0.022872476360848472,-0.006942669733367389
2020-10-15,11,0,0,11,0.03272727272727272,0.0,0.05427204202399745,0.09,14973,宁德时代:2020年限制性股票激励计划(草案)摘要,neutral,0.05427204202399745,-0.04400670578373848,0.012573344509639565,-0.02816429170159262,0.005867560771165154
2020-10-27,2,0,0,2,0.0,0.0,0.0,0.0,,,neutral,0.0,0.012857805320180358,0.04198811179967109,0.07929682559757166,0.12103199696471484
2020-10-29,3,0,0,3,-0.06,0.0,-0.05196152422706632,0.09,14965,宁德时代:关于2020年前三季度计提减值准备的公告,neutral,-0.05196152422706632,0.029874999999999947,0.06674999999999992,0.11875,0.059375
2020-10-30,3,0,0,3,0.0,0.0,0.0,0.0,,,neutral,0.0,0.05247400574503378,0.033903790913136805,0.06606788849779509,0.024436622567463772
2020-11-06,7,0,0,7,0.025714285714285714,0.0,0.034016802570830444,0.09,14956,宁德时代:2020年限制性股票激励计划激励对象名单(调整后),neutral,0.034016802570830444,0.011119544592030387,-0.04804554079696394,-0.03905123339658441,-0.043339658444022724
2020-11-23,1,0,0,1,0.0,0.0,0.0,0.0,,,neutral,0.0,0.0067193675889327615,-0.03027667984189722,-0.04031620553359679,0.03343873517786553
2020-12-25,1,0,0,1,0.0,0.0,0.0,0.0,,,neutral,0.0,0.012756162281402705,0.0869912720994916,0.29192109722177817,0.24684292976118155
2020-12-30,4,3,0,1,0.135,0.135,0.27,0.18,14948,宁德时代:关于投资扩建锂离子电池江苏生产基地项目的公告,positive,0.27,0.032676470588235335,0.18235294117647058,0.21538235294117652,0.08532352941176467
2021-01-11,1,0,0,1,-0.18,0.0,-0.09,0.09,14946,宁德时代:关于累计新增借款超过上年末净资产百分之四十的公告,neutral,-0.09,0.02864102564102568,-0.053820512820512846,-0.0156410256410257,0.01782051282051279
2021-01-12,1,0,1,0,-0.18,-0.18,-0.18,0.18,14945,宁德时代:关于下属公司湖南邦普发生安全事故的公告,neutral,-0.18,-0.04030710172744725,-0.051399656006181925,-0.08739437146346936,-0.039060747314106276
2021-01-14,1,0,1,0,-0.18,-0.24,-0.21,0.21,14943,宁德时代:联合资信评估股份有限公司关于公司下属公司发生安全事故的关注公告,neutral,-0.21,0.031272865234004556,-0.00785886561339795,0.06040486707677305,0.002411858757215215
2021-01-18,4,0,2,2,-0.09,-0.11499999999999999,-0.205,0.22999999999999998,14941,宁德时代:联合资信评估股份有限公司关于公司下属公司发生安全事故的关注公告(2021/01/15),neutral,-0.205,-0.046340192758530775,0.01927585308674143,0.033993227402969554,-0.0874446470435009
2021-02-02,1,0,1,0,-0.18,-0.21,-0.195,0.195,14938,宁德时代:非公开发行股份上市流通提示性公告,neutral,-0.195,0.03583469276780861,0.015361609570418643,0.11528004350190314,0.023762914627514977
2021-02-03,5,3,0,2,0.156,0.10800000000000001,0.2951609730299722,0.3,14935,宁德时代:关于投资建设宁德时代动力及储能电池肇庆项目(一期)的公告,positive,0.2951609730299722,0.019738568953750806,0.06042311932384897,0.08315397133707808,-0.08919103365006041
2021-02-18,1,0,0,1,0.18,0.0,0.09,0.09,14932,宁德时代:关于投资设立福建时代闽东新能源产业股权投资合伙企业(有限合伙)的公告,neutral,0.09,-0.02392947103274559,-0.05153652392947098,-0.15088161209068005,-0.1799244332493703
2021-02-26,2,1,0,1,0.09,0.09,0.12727922061357855,0.18,14930,宁德时代:关于控股子公司时代上汽动力电池有限公司投资动力电池生产线扩建项目的公告,neutral,0.12727922061357855,0.06942246221642927,0.0850324302516835,-0.006920522608075033,0.05967786984452087
2021-03-01,1,0,0,1,0.18,0.0,0.09,0.09,14929,宁德时代:关于与无锡先导智能装备股份有限公司签署战略合作协议之补充协议的公告,neutral,0.09,0.014509576320371444,-0.0552234474753338,-0.1149158444573419,-0.09373186302959956
2021-04-06,2,0,0,2,0.0,0.0,0.0,0.0,,,neutral,0.0,-0.017802332719459826,-0.04235727440147333,-0.0031921424186618186,0.10190300798035601
2021-04-19,1,0,0,1,0.0,0.0,0.0,0.0,,,neutral,0.0,-0.013736263736263736,-0.004505494505494468,-0.04120879120879121,0.054945054945054944
2021-04-29,38,1,0,37,0.009473684210526315,-0.007105263157894736,0.007299963950884321,0.22499999999999998,14910,宁德时代:非经营性资金占用及其他关联资金往来的专项说明,neutral,0.007299963950884321,0.021526882286375976,-0.03344824863812215,-0.03523776941498457,-0.028658648911813432
2021-05-06,3,0,0,3,0.0,0.0,0.0,0.0,,,neutral,0.0,-0.043541666666666735,-0.04531249999999994,-0.08567708333333328,-0.01630208333333331
2021-05-11,1,0,0,1,0.0,0.0,0.0,0.0,,,neutral,0.0,-0.013911620294599079,-0.020731042007637812,0.006819421713038734,0.0789143480632841
2021-05-14,1,0,0,1,0.0,0.0,0.0,0.0,,,neutral,0.0,0.039498607242339855,0.044707520891364934,0.0461559888579387,0.14094707520891372
2021-05-19,1,0,0,1,0.0,0.0,0.0,0.0,,,neutral,0.0,0.007172377016397807,0.03442207705639239,0.027649646713771507,0.1318490867884282
2021-05-24,2,0,0,2,0.0,0.0,0.0,0.0,,,neutral,0.0,0.019512320857820377,-0.0102072378595731,0.11892978657593578,0.05036601711516657
2021-05-26,1,0,0,1,0.0,0.0,0.0,0.0,,,neutral,0.0,-0.0036842924601733587,0.12630377250791347,0.10139587981941774,0.06214000311348655
2021-05-27,1,0,0,1,0.0,0.0,0.0,0.0,,,neutral,0.0,0.06666666666666672,0.10765624999999994,0.08015624999999993,0.13184895833333332
2021-06-09,2,0,2,0,-0.18,-0.21,-0.2757716446627535,0.195,14864,宁德时代:中信建投证券股份有限公司关于宁德时代新能源科技股份有限公司首次公开发行限售股解禁的核查意见,negative,-0.2757716446627535,0.0617045704375015,0.08703617754109973,0.061411437086254454,0.14151012531450768
2021-06-29,4,1,0,3,0.105,0.105,0.21,0.42,14860,宁德时代:关于公司与特斯拉签订供货框架协议的公告,neutral,0.21,0.051700064895478876,0.02178914868930806,0.013215079349472041,0.10717586674794989
2021-06-30,1,0,0,1,0.0,0.0,0.0,0.0,,,neutral,0.0,-0.009910246821241501,-0.029038893044128596,0.01439790575916239,0.030983545250561052
2021-07-22,3,0,0,3,0.0,0.0,0.0,0.0,,,neutral,0.0,-0.018076398362892314,-0.11143821354204071,-0.000502620808501627,-0.0001436059452862083
2021-07-26,1,0,0,1,0.0,0.0,0.0,0.0,,,neutral,0.0,-0.08295972433213526,0.03153136463003443,0.022638852865982488,-0.044054985364407676
2021-07-28,1,0,0,1,0.0,0.0,0.0,0.0,,,neutral,0.0,0.06047043138748691,0.05132844491000866,0.0837063136844111,-0.01485572802590221
2021-08-03,1,0,0,1,0.0,0.0,0.0,0.0,,,neutral,0.0,0.07156308851224105,0.02425612052730696,-0.038606403013182675,-0.096045197740113
2021-08-16,14,0,3,11,-0.038571428571428576,-0.052142857142857144,-0.16971088861438946,0.31499999999999995,14835,宁德时代:向特定对象发行股票预案,neutral,-0.16971088861438946,0.006289308176100629,0.05450733752620545,0.09412997903563937,0.05920335429769394
2021-08-27,6,0,1,5,-0.03,-0.04666666666666666,-0.0938971068066885,0.22999999999999998,14825,宁德时代:关于2021年半年度计提资产减值准备的公告,neutral,-0.0938971068066885,-0.004453201970443332,-0.03702463054187196,-0.041379310344827586,-0.010640394088669906
2021-08-30,1,0,0,1,0.0,0.0,0.0,0.0,,,neutral,0.0,-0.020524899057873493,-0.023236481672076655,0.02149473517536223,-0.0048293880136172865
2021-09-01,3,0,0,3,0.0,0.0,0.0,0.0,,,neutral,0.0,0.009801313662499275,0.05604550756072117,0.029240244725911115,0.07497288780667481
2021-09-07,1,0,0,1,0.0,0.0,0.0,0.0,,,neutral,0.0,-0.021419816735082958,-0.02317075543277362,0.030913795451450336,-0.04089414602828735
2021-09-13,1,1,0,0,0.18,0.18,0.18,0.18,14680,宁德时代:关于签订供货框架协议的公告,neutral,0.18,0.053898170246618866,-0.009546539379474963,-0.018874303898170266,-0.000576770087509985
2021-09-14,14,1,0,13,0.025714285714285714,0.012857142857142857,0.0721605353163546,0.18,14816,宁德时代:关于投资建设宁德时代新型锂电池生产制造基地(宜春)项目的公告,neutral,0.0721605353163546,-0.008586525759577194,-0.05076429515002827,-0.06965465182109826,-0.007869409322513605
2021-09-16,1,0,0,1,0.0,0.0,0.0,0.0,,,neutral,0.0,0.010040160642570281,-0.010060240963855403,0.03112449799196787,0.04618473895582329
2021-09-17,5,0,0,5,0.0,0.0,0.0,0.0,,,neutral,0.0,-0.019264413518886674,-0.006003976143141117,-0.005109343936381696,0.003976143141153081
2021-09-22,6,0,2,4,-0.06,-0.19333333333333333,-0.31026870075253593,0.3,14790,宁德时代:向特定对象发行股票并在创业板上市募集说明书,negative,-0.31026870075253593,-0.0006486793294277293,0.04092761144108167,0.018649530721047594,0.05868520808416612
2021-09-23,1,0,0,1,0.0,0.0,0.0,0.0,,,neutral,0.0,0.014178786587963264,0.0150915840077892,0.06641108338911542,0.0797379257185743
2021-10-08,2,0,0,2,0.0,-0.13999999999999999,-0.09899494936611664,0.13999999999999999,14787,关于宁德时代新能源科技股份有限公司申请向特定对象发行股票的审核问询函,neutral,-0.09899494936611664,-0.024344569288389514,-0.02198501872659178,0.06554307116104868,0.12621722846441943
2021-10-12,4,0,0,4,0.0,0.0,0.0,0.0,,,neutral,0.0,0.03417821782178216,0.12673267326732673,0.16950495049504954,0.18413861386138616
2021-10-13,4,1,0,3,0.0,0.045,0.045,0.18,14780,宁德时代:关于控股子公司投资建设邦普一体化电池材料产业园项目的公告,neutral,0.045,0.019224141232336314,0.1393175812813541,0.12874813311377475,0.1776509784398575
2021-10-15,1,0,0,1,0.0,0.0,0.0,0.0,,,neutral,0.0,0.045729349736379585,0.03602811950790861,0.05694200351493845,0.12340949033391921
2021-10-19,5,0,0,5,0.0,-0.055999999999999994,-0.0626099033699941,0.13999999999999999,14775,宁德时代:向特定对象发行股票并在创业板上市募集说明书(修订稿),neutral,-0.0626099033699941,-0.0018625126989502585,0.01828648831696572,0.012512698950220091,0.11412123264476799
2021-10-27,2,0,0,2,0.0,0.0,0.0,0.0,,,neutral,0.0,-0.012747138397502468,0.0568418314255984,0.040582726326743035,0.053590010405827324
2021-10-28,14,2,0,12,0.025714285714285714,0.025714285714285714,0.09621404708847278,0.18,14759,宁德时代:2021年股票期权与限制性股票激励计划(草案),neutral,0.09621404708847278,0.05273386034255596,0.08366271409749662,0.06529973649538863,0.0801218708827404
2021-10-29,7,0,0,7,0.025714285714285714,0.015,0.053859937403814874,0.09,14746,宁德时代:关于2020年限制性股票激励计划第一个归属期归属条件成就的公告,neutral,0.053859937403814874,0.01686430336973182,0.0012202371640436355,-0.00802540596351803,0.002784643784612454
2021-11-08,5,2,0,3,0.072,0.072,0.16099689437998485,0.18,14742,宁德时代:关于投资建设厦门时代锂离子电池生产基地项目(一期)的公告,neutral,0.16099689437998485,0.0037530266343825942,-0.007490920096852197,-0.06174334140435829,0.030569007263922587
2021-11-09,1,0,0,1,0.0,0.0,0.0,0.0,,,neutral,0.0,-0.02303702810276199,-0.03359064045350376,-0.07283500180919061,0.013146785671209787
2021-11-15,4,0,0,4,0.0,0.0,0.0,0.0,,,neutral,0.0,-0.008112903225806408,0.00967741935483871,0.09838709677419355,0.09645161290322574
2021-11-16,16,0,4,12,-0.056249999999999994,-0.10875,-0.32999999999999996,0.31499999999999995,14715,宁德时代:向特定对象发行股票预案(修订稿),negative,-0.32999999999999996,0.017740702798510442,0.0390750768330162,0.09273623103566023,0.10574499569084665
2021-11-23,11,0,0,11,0.01636363636363636,0.0,0.027136021011998725,0.09,14713,宁德时代:关于向2021年股票期权与限制性股票激励计划激励对象授予预留股票期权与限制性股票的公告,neutral,0.027136021011998725,-0.019642857142857212,-0.020833333333333332,0.011904761904761904,-0.06398809523809523
2021-12-02,4,0,0,4,0.0,0.0,0.0,0.0,,,neutral,0.0,-0.0014534883720930232,-0.08575581395348837,-0.07877906976744192,-0.04787790697674427
2021-12-15,9,0,0,9,0.0,0.0,0.0,0.0,,,neutral,0.0,0.009337442218798066,-0.05976887519260395,-0.059722650231124795,-0.11317411402157172
2021-12-29,1,0,0,1,0.0,0.0,0.0,0.0,,,neutral,0.0,0.025106419946138558,-0.011588914950916445,-0.05921292676570225,-0.018330292763443584
2021-12-31,8,1,0,7,0.0225,0.0225,0.06363961030678927,0.18,14679,宁德时代:关于投资建设动力电池宜宾制造基地七至十期项目的公告,neutral,0.06363961030678927,-0.0325170068027211,-0.07913265306122444,-0.08435374149659867,0.03205782312925174
2022-01-05,1,0,0,1,0.0,0.0,0.0,0.0,,,neutral,0.0,-0.011013698630136936,-0.016621004566210087,0.03203652968036523,0.04107762557077627
2022-01-13,1,0,0,1,0.0,0.0,0.0,0.0,,,neutral,0.0,0.021946902654867217,0.0385840707964601,0.0073097345132743284,0.017681415929203557
2022-01-14,3,0,0,3,0.0,0.0,0.0,0.0,,,neutral,0.0,0.05100450294423285,-0.012833391063387545,-0.01369934187738131,0.026324904745410542
2022-01-18,3,0,1,2,-0.06,-0.09333333333333332,-0.13279056191361394,0.22999999999999998,14567,宁德时代:向特定对象发行股票并在创业板上市募集说明书(注册稿),neutral,-0.13279056191361394,-0.028646898432174415,-0.029498977505112385,-0.036128152692569755,-0.07828902522154046
2022-01-19,1,0,0,1,0.0,0.0,0.0,0.0,,,neutral,0.0,-0.0015087983999719533,0.01929858418568747,0.030719837190126126,-0.03998315759925606
2022-01-24,1,0,0,1,0.0,0.0,0.0,0.0,,,neutral,0.0,-0.026489268317871194,-0.010327200123926402,-0.002667860032014242,-0.1256303895075647
2022-02-07,1,1,0,0,0.18,0.51,0.345,0.345,14657,宁德时代:2021年年度业绩预告,positive,0.345,-0.06658152699157814,-0.10586083114731469,-0.12329145381747902,-0.11983984536794154
2022-02-16,1,0,0,1,0.0,0.0,0.0,0.0,,,neutral,0.0,0.007912584777694133,-0.039186134137151385,-0.022230595327807,-0.03195177091183105
2022-04-18,2,1,0,1,0.09,0.09,0.12727922061357855,0.18,14651,宁德时代:关于控股子公司在印度尼西亚投资建设动力电池产业链项目的公告,neutral,0.12727922061357855,-0.023813747228381393,-0.09288248337028822,-0.13503325942350328,-0.1662971175166297
2022-04-25,63,1,0,62,0.002857142857142857,-0.015357142857142857,-0.04960783708246107,0.31875,14371,宁德时代:关于控股股东及其他关联人占用公司资金、公司对外担保情况的专项公告,neutral,-0.04960783708246107,-0.033581133042809595,-0.006664957703153096,-0.036144578313253066,0.03437580107664693
2022-04-26,1,0,0,1,-0.18,0.0,-0.09,0.09,14582,宁德时代:关于推迟披露2022年第一季度报告的提示性公告,neutral,-0.09,0.07970822281167111,0.08580901856763931,-0.002679045092838172,0.10026525198938994
2022-04-28,5,0,0,5,0.0,0.0,0.0,0.0,,,neutral,0.0,0.05638709677419361,-0.02970322580645159,-0.021496774193548347,0.09047741935483872
2022-05-05,6,0,0,6,0.06,0.0,0.07348469228349534,0.09,14573,宁德时代:关于向特定对象发行股票申请获得中国证监会同意注册批复的公告,neutral,0.07348469228349534,-2.6595744680826876e-05,0.00843085106382983,0.07316489361702125,0.11436170212765957
2022-05-06,1,0,0,1,0.0,0.0,0.0,0.0,,,neutral,0.0,-0.019920742572940794,0.08978962206441658,0.10322083034123249,0.13540253730152388
2022-05-09,1,0,0,1,0.0,0.0,0.0,0.0,,,neutral,0.0,0.02895522388059706,0.09500678426051558,0.1045047489823609,0.1308005427408412
2022-05-19,3,0,0,3,0.0,0.0,0.0,0.0,,,neutral,0.0,0.018854415274462952,-0.0404773269689737,-0.06918854415274465,0.042482100238663514
2022-06-06,1,0,0,1,0.0,0.0,0.0,0.0,,,neutral,0.0,-0.015000321895319661,-0.07433635914933794,-0.04927144359321023,0.0869761153672825
2022-06-10,1,0,0,1,0.0,0.0,0.0,0.0,,,neutral,0.0,-0.024162995594713715,0.025682819383259968,0.07061674008810573,0.24118942731277532
2022-06-16,1,0,0,1,0.18,0.0,0.09,0.09,14558,宁德时代:关于公司与ATL合作设立合资公司的进展公告,neutral,0.09,0.055963502063871365,0.10330219422116013,0.1665652835107539,0.16011296980230283
2022-06-17,1,0,0,1,0.0,0.0,0.0,0.0,,,neutral,0.0,0.04209356869522277,0.043081101098629795,0.1593218944163272,0.07525819857630742
2022-06-24,4,0,1,3,-0.09,-0.06999999999999999,-0.15999999999999998,0.22999999999999998,14556,宁德时代:关于向特定对象发行股票发行情况报告书披露的提示性公告,neutral,-0.15999999999999998,-0.025732031943212066,-0.05494232475598942,-0.072511091393079,-0.03992901508429459
2022-06-28,6,0,0,6,0.0,0.0,0.0,0.0,,,neutral,0.0,-0.021066176470588303,-0.039264705882352965,-0.03700367647058823,-0.07409926470588235
2022-06-29,1,0,0,1,0.0,0.0,0.0,0.0,,,neutral,0.0,0.0027415780974199807,-0.019791940511510807,-0.019791940511510807,0.012130544184474476
2022-07-01,3,0,0,3,0.0,-0.06999999999999999,-0.060621778264910706,0.105,14539,宁德时代:关于公司向特定对象发行股票上市公告书披露的提示性公告,neutral,-0.060621778264910706,-0.001224552273075131,-0.001224552273075131,0.03512934333384359,0.01982243992040413
2022-07-21,1,0,0,1,0.0,0.0,0.0,0.0,,,neutral,0.0,0.02111324376199616,0.0019193857965451055,-0.010364683301343526,-0.038579654510556664
2022-07-22,10,2,0,8,0.054000000000000006,0.072,0.19922349259060784,0.18,14524,宁德时代:关于投资建设济宁新能源电池产业基地项目的公告,neutral,0.19922349259060784,-0.01926691729323308,-0.03157894736842097,-0.043984962406014995,-0.049530075187969966
2022-08-02,4,0,0,4,0.0,0.0,0.0,0.0,,,neutral,0.0,-0.03792925725848017,-0.03477962089831452,-0.023498196117357362,-0.00013362093649197323
2022-08-15,4,1,0,3,0.045,0.045,0.09,0.18,14515,宁德时代:关于投资建设匈牙利时代新能源电池产业基地项目的公告,neutral,0.09,0.01491958922689388,0.055609378027513916,0.06864948653361741,-0.027320286766130637
2022-08-25,10,0,0,10,0.0,-0.045,-0.07115124735378853,0.22499999999999998,14507,宁德时代:2022年半年度非经营性资金占用及其他关联资金往来情况汇总表,neutral,-0.07115124735378853,-0.014046692607003945,-0.04377431906614786,-0.09038910505836571,-0.1254863813229572
2022-08-30,1,0,0,1,0.0,0.0,0.0,0.0,,,neutral,0.0,-0.017293997965412006,-0.051353001017294016,-0.07385554425228893,-0.11637843336724311
2022-09-01,1,0,0,1,0.0,0.0,0.0,0.0,,,neutral,0.0,-0.0027377336698464934,-0.026393463660863307,-0.03858493390939817,-0.12306968387731534
2022-09-06,3,0,0,3,0.0,0.0,0.0,0.0,,,neutral,0.0,0.04112478031634453,-0.006546572934973553,-0.04591388400702983,-0.07666959578207376
2022-09-08,1,0,0,1,0.0,0.0,0.0,0.0,,,neutral,0.0,0.006051167964404955,-0.033815350389321444,-0.0878754171301446,-0.07154616240266969
2022-09-09,16,0,0,16,0.03375,0.0,0.0675,0.09,14478,宁德时代:关于向2022年股票期权与限制性股票激励计划激励对象授予预留股票期权与限制性股票的公告,neutral,0.0675,0.010371058334438984,-0.08374242625270886,-0.08524611914554865,-0.05209853611074256
2022-09-16,1,0,0,1,0.0,0.0,0.0,0.0,,,neutral,0.0,0.008951219512195161,0.025121951219512224,0.017902439024390183,-0.022219512195121985
2022-09-21,1,0,0,1,0.0,0.0,0.0,0.0,,,neutral,0.0,-0.012633832976445401,0.01989055436592913,-0.008351177730192698,0.04170830359267184
2022-09-22,2,0,0,2,0.0,0.0,0.0,0.0,,,neutral,0.0,0.00566278705510968,0.034964697944528764,0.009662883442974507,0.04098893949251787
2022-09-23,2,0,0,2,0.0,0.0,0.0,0.0,,,neutral,0.0,0.02712416734556968,-0.0013178703215602496,-0.039416303253941604,0.04689222216897506
2022-09-29,6,1,0,5,0.03,0.03,0.07348469228349534,0.18,14464,宁德时代:关于投资建设洛阳新能源电池生产基地项目的公告,neutral,0.07348469228349534,-0.04322195704057283,-0.0064439140811455575,0.031026252983293555,-0.00954653937947494
2022-10-10,3,0,0,3,0.06,0.0,0.05196152422706632,0.09,14461,宁德时代:关于子公司增资扩股的公告,neutral,0.05196152422706632,0.05966502061803186,0.09962836633915385,0.09288296085119382,0.02840706613042806
2022-10-11,1,0,0,1,0.18,0.0,0.09,0.09,14458,宁德时代:2022年前三季度业绩预告,neutral,0.09,0.051717511410040766,0.04950756665865965,0.031803987509007946,-0.03507086235887587
2022-10-13,1,0,0,1,0.0,0.0,0.0,0.0,,,neutral,0.0,0.0113657407407408,-0.005694444444444397,-0.03935185185185185,-0.09652777777777775
2022-10-24,14,0,0,14,0.025714285714285714,0.0075,0.06213823874463867,0.09,14443,宁德时代:关于2021年股票期权与限制性股票激励计划之限制性股票首次及预留授予第一个归属期归属条件成就的公告,neutral,0.06213823874463867,-0.005742289985644258,-0.03395871491510314,-0.07707539230731149,0.01603880995990302
2022-10-27,2,0,0,2,0.0,0.0,0.0,0.0,,,neutral,0.0,-0.06354086600051245,-0.01050473994363316,-0.01583397386625674,-0.012810658467845248
2022-11-01,1,0,0,1,0.0,0.0,0.0,0.0,,,neutral,0.0,0.013723459347488379,0.04712584153288449,0.06110823407560855,0.025841532884515843
2022-11-02,8,0,0,8,0.0225,0.0,0.03181980515339464,0.09,14431,宁德时代:关于子公司增资扩股签署投资协议的公告,neutral,0.03181980515339464,-0.018850574712643668,0.04853128991060025,0.01420178799489145,-0.018978288633461064
2022-11-03,4,0,0,4,0.0,0.0,0.0,0.0,,,neutral,0.0,0.052796001249609426,0.06685410809122151,0.0030719566802041207,-0.023430178069353328
2022-11-17,2,0,0,2,0.0,0.0,0.0,0.0,,,neutral,0.0,0.01511516314779275,-0.0003198976327575297,0.00399872040946897,0.05366282789507357
2022-11-18,2,0,0,2,0.0,0.0,0.0,0.0,,,neutral,0.0,0.004228052207253228,-0.0033351716169018057,-0.022558365503295864,0.029123663961763635
2022-11-25,1,0,0,1,0.0,0.0,0.0,0.0,,,neutral,0.0,-0.005077915099408884,0.034390112842557795,0.052874798495432584,0.14078452444922093
2022-12-09,1,1,0,0,0.18,0.18,0.18,0.18,14415,宁德时代:关于签订供货框架合同的公告,neutral,0.18,-0.024140367404616107,-0.05252001884126239,-0.015520489872821553,-0.06151672162034857
2022-12-14,1,0,0,1,0.0,0.0,0.0,0.0,,,neutral,0.0,0.05344270444941586,0.04499130002485698,0.011235396470295754,-0.020631369624658242
2022-12-15,1,0,0,1,0.0,0.0,0.0,0.0,,,neutral,0.0,-0.013662104766399293,-0.03369513921661168,-0.05143935818782447,-0.07041057102406803
2022-12-16,2,0,0,2,0.0,0.0,0.0,0.0,,,neutral,0.0,0.00571756656539314,-0.026769694504916144,-0.04672137030214582,-0.05882634386737154
2022-12-30,1,0,0,1,0.0,0.0,0.0,0.0,,,neutral,0.0,-0.009608052463016699,0.03581414264653544,0.05891922118855169,0.13524986020029478
2023-01-03,2,0,1,1,-0.09,-0.105,-0.13788582233137675,0.195,14407,宁德时代:关于2022年度向特定对象发行股份解除限售上市流通的提示性公告,neutral,-0.13788582233137675,-0.014449235191458772,0.06934606303254297,0.10871573760394214,0.143645416281696
2023-01-13,3,0,0,3,0.06,0.0,0.05196152422706632,0.09,14404,宁德时代:2022年年度业绩预告,neutral,0.05196152422706632,0.016222980659840718,0.020477815699658702,0.02844141069397042,0.037997724687144456
2023-01-19,1,0,0,1,0.0,0.0,0.0,0.0,,,neutral,0.0,0.011706247062246836,0.041251650737515966,0.04326611007901167,0.013922152337892043
2023-01-31,13,1,0,12,0.013846153846153845,0.013846153846153845,0.04992301766027062,0.18,14400,宁德时代:关于控股子公司投资建设邦普一体化新材料产业项目的公告,neutral,0.04992301766027062,0.024935511607910625,-0.01934651762682717,-0.036758383490971554,-0.03041702493551156
2023-03-13,36,0,1,35,0.0,-0.007777777777777777,-0.02333333333333333,0.22999999999999998,14380,宁德时代:关于2022年年度计提资产减值准备的公告,neutral,-0.02333333333333333,-0.012168367346938729,-0.017576530612244862,-0.030739795918367376,0.011479591836734694
2023-03-17,1,0,0,1,0.0,0.0,0.0,0.0,,,neutral,0.0,0.010559072291079233,0.06175860418107338,0.046811000585137416,0.07997765838608434
2023-03-20,3,0,0,3,0.0,0.0,0.0,0.0,,,neutral,0.0,0.03639952625345436,0.04850638241873933,0.04355836294249246,0.04937491775233581
2023-03-23,1,0,0,1,0.0,0.0,0.0,0.0,,,neutral,0.0,-0.012048797630403162,-0.014508760479943704,0.004342587479291175,-0.01975500778151515
2023-03-27,1,0,0,1,0.0,0.0,0.0,0.0,,,neutral,0.0,-0.009836065573770434,0.009104665825977337,0.005573770491803227,0.008701134930643098
2023-04-03,2,0,0,2,0.0,0.0,0.0,0.0,,,neutral,0.0,-0.026861628752727497,-0.020566326402648515,0.003110029846254193,0.025808231546738284
2023-04-19,1,0,0,1,0.0,0.0,0.0,0.0,,,neutral,0.0,-0.035017179618393166,-0.032872773350878494,-0.4529327192533567,-0.4375563515851549
2023-04-24,12,0,0,12,0.0,0.005,0.008660254037844387,0.03,14324,宁德时代:关于注销部分已授予但尚未行权的股票期权的公告,neutral,0.008660254037844387,-0.027665793186857534,-0.417960088691796,-0.4317677887522677,-0.3942753477121548
2023-04-25,1,0,0,1,0.0,0.0,0.0,0.0,,,neutral,0.0,-0.41824306815237106,-0.40178802798652496,-0.4117647058823529,-0.38331173879243324
2023-05-10,1,0,0,1,0.0,0.105,0.0525,0.0525,14316,宁德时代:关于部分股票期权注销完成的公告,neutral,0.0525,0.03388955788749353,0.024815069671426035,0.032169275761224796,-0.03126612764493381
2023-05-11,1,0,0,1,0.0,0.0,0.0,0.0,,,neutral,0.0,-0.010066555740432678,-0.005823627287853601,-0.033277870216306155,-0.06784525790349419
2023-05-17,1,0,0,1,0.0,0.0,0.0,0.0,,,neutral,0.0,-0.03166666666666664,-0.04041666666666662,-0.06145833333333333,-0.07845833333333338
2023-06-06,1,0,0,1,0.0,0.0,0.0,0.0,,,neutral,0.0,-0.054633345494345086,-0.03301714702663266,-0.028183144837650522,0.03976650857351331
2023-06-15,1,0,0,1,0.0,0.0,0.0,0.0,,,neutral,0.0,0.000952875952875948,-0.012474012474012454,-0.024731462231462265,-0.004331254331254331
2023-06-26,8,0,0,8,0.0,0.0,0.0,0.0,,,neutral,0.0,-0.007549851223519957,-0.011857707509881368,0.02091752897810547,0.016121152906692828
2023-07-27,13,0,0,13,0.05538461538461538,0.0,0.09984603532054125,0.09,14288,宁德时代:2023年限制性股票激励计划首次授予部分激励对象名单,neutral,0.09984603532054125,0.013525420741915683,0.03753634681469738,0.053573002026610264,0.0859987664111376
2023-08-07,11,0,0,11,0.0,0.0,0.0,0.0,,,neutral,0.0,0.002637023814353431,4.056959714386346e-05,-0.055134082518560605,-0.05489066493569719
2023-08-21,1,0,0,1,0.0,0.0,0.0,0.0,,,neutral,0.0,-0.009486607142857177,-0.017213255494505576,-0.01055975274725278,0.02013221153846153
2023-08-25,3,0,0,3,0.0,0.0,0.0,0.0,,,neutral,0.0,0.009459577822545312,0.04011561706227554,0.035298239467460815,-0.023648944556363342
2023-09-01,8,0,0,8,0.045,0.0,0.06363961030678927,0.09,14262,宁德时代:关于2022年股票期权与限制性股票激励计划之股票期权首次及预留授予第一个行权期行权条件成就的公告,neutral,0.06363961030678927,0.005287648054145516,-0.008375634517766574,-0.05693739424703895,-0.12115059221658213
2023-09-11,17,1,0,16,0.06352941176470588,0.010588235294117647,0.15279744377288976,0.18,14092,宁德时代:关于回购注销部分限制性股票及调整回购价格和回购数量的公告,neutral,0.15279744377288976,-0.016250620683428856,-0.029792804586286255,-0.03823409921906739,-0.05529725093666772
2023-09-15,2,0,0,2,0.0,0.0,0.0,0.0,,,neutral,0.0,0.02551020408163271,0.010300346553715898,0.015257989988448286,-0.05901039661147474
2023-09-18,1,0,0,1,0.0,0.0,0.0,0.0,,,neutral,0.0,-0.0034732000375481513,-0.02970994086172915,-0.017741481272880884,-0.08607903876842206
2023-09-25,1,0,0,1,0.0,0.0,0.0,0.0,,,neutral,0.0,-0.02284021406727829,-0.029864296636085627,-0.06957186544342508,-0.11391437308868503
2023-10-23,12,0,1,11,0.03,-0.02333333333333333,0.011547005383792518,0.22999999999999998,14228,宁德时代:关于2023年前三季度计提减值准备的公告,neutral,0.011547005383792518,-0.004738801760126387,0.004569558840121868,0.06070179397495216,0.11181315581631515
2023-10-26,1,0,0,1,0.0,0.0,0.0,0.0,,,neutral,0.0,0.037344864379176765,0.04228674116920313,0.04211826809681586,0.07513899028471947
2023-10-27,2,1,0,1,0.09,0.21,0.21213203435596423,0.3,14221,宁德时代:关于收到实际控制人、董事长提议回购公司股份的提示性公告,neutral,0.21213203435596423,0.01786487656994376,0.015266349068860941,0.014724989172802072,0.023332611520138602
2023-11-01,4,1,0,3,0.045,0.045,0.09,0.18,14218,宁德时代:关于回购公司股份方案的公告,neutral,0.09,-0.010504425722512525,0.05086914791511155,0.02292844193238782,-0.01631651914258293
2023-11-03,1,1,0,0,0.18,0.18,0.18,0.18,14216,宁德时代:回购股份报告书,neutral,0.18,0.05142979086641066,0.0234741784037559,0.00848271446862998,-0.035798122065727744
2023-11-13,1,0,0,1,0.0,0.0,0.0,0.0,,,neutral,0.0,-0.022198562682991682,-0.03566675538993872,-0.040191642267766746,-0.0912962470055896
2023-11-20,2,0,0,2,0.0,0.0,0.0,0.0,,,neutral,0.0,0.0017193566278424972,-0.014420410427066127,-0.053244592346089976,-0.10343871325568499
2023-12-13,9,0,0,9,0.0,0.011666666666666665,0.017499999999999998,0.0525,14206,宁德时代:关于注销2021年股票期权与限制性股票激励计划部分股票期权的公告,neutral,0.017499999999999998,-0.0170693442108566,-0.0776906181361782,-0.06840288672732982,-0.03150298085974259
2024-01-11,1,0,0,1,0.0,0.0,0.0,0.0,,,neutral,0.0,-0.001227231623821197,0.013757912414416713,-0.0013564139000127862,0.0011626404857254025
2024-02-01,1,0,0,1,0.0,0.0,0.0,0.0,,,neutral,0.0,-0.02026573614279969,0.06247483559253793,0.09273922963360617,0.07703663937726472
2024-02-19,2,1,0,1,0.075,0.09,0.11667261889578032,0.16499999999999998,14192,宁德时代:关于质量回报双提升行动方案的公告,neutral,0.11667261889578032,-0.01099381597851203,0.001624086451371047,-0.02554812917733777,0.02379911299893811
2024-02-27,1,0,0,1,-0.18,0.0,-0.09,0.09,14189,宁德时代:联合资信评估股份有限公司关于宁德时代新能源科技股份有限公司实际控制人解除一致行动关系暨变更实际控制人的关注公告,neutral,-0.09,-0.005195463473357547,0.04257745675727047,0.04321104986377743,0.17746942913261096
2024-03-18,42,1,1,40,0.004285714285714286,-0.004523809523809523,-0.0007715167498104559,0.22999999999999998,14161,宁德时代:关于2023年度计提减值准备的公告,neutral,-0.0007715167498104559,-0.019428152492668663,-0.009844993715961434,-0.03225806451612901,0.03602848764139084
2024-04-10,1,0,0,1,0.0,0.0,0.0,0.0,,,neutral,0.0,-0.0007263671266992569,0.02282868112483126,0.01686209401265954,-0.016291376984538832
2024-04-17,3,1,0,2,0.06,0.06999999999999999,0.11258330249197704,0.195,14124,宁德时代:关于公司主体及债券信用评级上调的公告,neutral,0.11258330249197704,-0.002193989489259691,-0.027501403132812973,-0.03260370427062612,0.05607428950456646
2024-04-22,3,1,0,2,0.06,0.06999999999999999,0.11258330249197704,0.195,14123,宁德时代:关于宁德时代新能源科技股份有限公司主体及债券信用评级上调的临时受托管理事务报告,neutral,0.11258330249197704,-0.0035152151101783186,0.013641133263378775,0.09984260230849948,0.09863588667366219
2024-04-24,1,0,0,1,0.0,0.0,0.0,0.0,,,neutral,0.0,0.018987341772151868,0.10564345991561182,0.09166666666666665,0.051424050632911396
2024-05-07,1,0,0,1,0.0,0.0,0.0,0.0,,,neutral,0.0,-0.01764307811291573,-0.01633797370456301,-0.03804137664346483,-0.02571539056457847
2024-06-24,1,0,0,1,0.0,0.0,0.0,0.0,,,neutral,0.0,-0.0035297892822761614,-0.010589367846828483,-0.05834848646914107,-0.05920419296181406
2024-07-01,1,0,0,1,0.0,0.0,0.0,0.0,,,neutral,0.0,5.67955926621192e-05,0.020048844209689335,-0.0009087294825921316,0.011643096495711998
2024-07-03,1,0,0,1,0.0,0.0,0.0,0.0,,,neutral,0.0,0.0005571030640668207,-0.020000000000000018,-0.03593314763231192,0.007743732590529172
2024-07-29,7,0,0,7,0.0,-0.06428571428571428,-0.08504200642707611,0.22499999999999998,14110,宁德时代:2024年半年度非经营性资金占用及其他关联资金往来情况汇总表,neutral,-0.08504200642707611,0.0019509022923101134,-0.022923101934644717,-0.04080637294748822,-0.08415975722104807
2024-08-19,1,0,0,1,0.0,0.0,0.0,0.0,,,neutral,0.0,-0.004157175398633199,0.018223234624145882,0.047380410022779006,0.03183371298405469
2024-09-10,14,1,0,13,0.07714285714285714,0.012857142857142857,0.16837458240482733,0.18,14087,宁德时代:关于签署《关于进一步加强和深化合作的协议》的公告,neutral,0.16837458240482733,0.029807904614705266,0.012916758666372286,0.0316846986089645,0.13441156988297634
2024-09-18,2,0,0,2,0.0,0.0,0.0,0.0,,,neutral,0.0,0.002682403433476395,0.00965665236051493,0.08959227467811152,0.3680257510729613
2024-09-23,1,0,0,1,0.0,0.0,0.0,0.0,,,neutral,0.0,0.049521785334750386,0.09197662061636559,0.3384165781083953,0.3268862911795962
2024-10-21,9,0,1,8,0.02,-0.031111111111111107,-0.016666666666666663,0.22999999999999998,14071,宁德时代:关于2024年前三季度计提减值准备的公告,neutral,-0.016666666666666663,-0.01109093779602148,-0.028418061256709887,0.011367224502683909,-0.008525418377013044
2024-10-25,1,0,0,1,0.0,0.0,0.0,0.0,,,neutral,0.0,-0.010197775030902296,-0.041911310259579705,-0.048980222496909795,-0.0053306551297898465
2024-10-31,1,1,0,0,0.18,0.18,0.18,0.18,14068,宁德时代:关于股份回购结果的公告,neutral,0.18,0.0008943816570452836,0.06264736970485404,0.06837954305228076,0.11797707130661034
2024-11-15,1,0,0,1,0.0,0.0,0.0,0.0,,,neutral,0.0,-0.009941256213285081,0.007493598433499055,-0.02432595270372036,-0.016267510167193827
2024-11-25,1,0,0,1,0.0,0.0,0.0,0.0,,,neutral,0.0,-0.02794396062097688,-0.035592578568724095,-0.007232109049602517,0.014956455887921197
2024-12-11,1,1,0,0,0.42,0.24,0.32999999999999996,0.32999999999999996,14064,宁德时代:关于公司与Stellantis合资建厂的公告,positive,0.32999999999999996,0.024747285660801033,0.000374391613627727,0.016136278547360546,0.0032572070385623528
2024-12-12,13,1,0,12,0.013846153846153845,0.03461538461538461,0.08736528090547357,0.31499999999999995,14062,宁德时代:关于2024年特别分红方案的公告,neutral,0.08736528090547357,-0.0244053925687772,0.0003288151693399285,-0.01432172737568945,-0.04552263344415615
2024-12-30,18,0,0,18,0.01,-0.043888888888888894,-0.07188918942063234,0.165,14038,宁德时代:关于筹划发行H股股票并在香港联合交易所有限公司上市的提示性公告,neutral,-0.07188918942063234,-0.0021757071048090033,-0.03357341135869153,-0.06425838397479179,-0.03893765473778977
2025-01-20,3,0,0,3,0.0,0.06999999999999999,0.060621778264910706,0.105,14025,宁德时代:2024年特别分红权益分派实施公告,neutral,0.060621778264910706,-0.005046700813497948,-0.030204880988249406,-0.03208797830671883,-0.05167219041880074
2025-01-22,1,0,0,1,0.0,0.0,0.0,0.0,,,neutral,0.0,-0.001937984496124031,-0.003875968992248062,-0.018992248062015524,0.013139534883720877
2025-02-12,1,0,0,1,0.0,0.0,0.0,0.0,,,neutral,0.0,0.023854289071680277,0.05522914218566379,0.07148452800626713,0.05217391304347823
2025-03-17,71,2,1,68,0.002112676056338028,-0.015,-0.05429526086236879,0.2975,13996,宁德时代:关于控股股东及其他关联方占用公司资金情况的专项公告,neutral,-0.05429526086236879,0.00390625,0.02402343749999991,0.008437500000000098,-0.011953125000000009
2025-03-26,1,0,0,1,0.18,-0.44999999999999996,-0.13499999999999998,0.13499999999999998,13947,宁德时代:关于发行境外上市外资股(H股)获得中国证监会备案的公告,neutral,-0.13499999999999998,0.007628833878249959,-0.015491203487466985,-0.030281799782033433,-0.15156468939747791
2025-03-31,2,0,0,2,0.0,0.0,0.0,0.0,,,neutral,0.0,-0.015339606230726636,-0.038981576658496025,-0.13398434411322838,-0.0980074325927097
2025-04-08,3,1,0,2,0.13999999999999999,0.06,0.17320508075688773,0.3,13943,宁德时代:关于回购公司股份方案的公告暨回购股份报告书,neutral,0.17320508075688773,-0.03496918511755318,0.02259758046108189,0.041543026706231424,0.05313855284181687
2025-04-09,2,0,0,2,0.0,0.0,0.0,0.0,,,neutral,0.0,0.03117460617815414,0.059652774492643994,0.06386300203415489,0.10388381664222532
2025-04-14,1,0,0,1,0.0,-0.44999999999999996,-0.22499999999999998,0.22499999999999998,13939,宁德时代:关于香港联交所审议公司发行境外上市外资股(H股)的公告,neutral,-0.22499999999999998,0.01852678571428574,0.008928571428571428,0.03285714285714292,0.048437499999999974
2025-04-16,4,0,0,4,0.0,0.0,0.0,0.0,,,neutral,0.0,0.0049357463648895625,0.028769620703455144,0.037618391213482184,0.029392147271999708
2025-04-28,1,1,0,0,0.18,0.18,0.18,0.18,13934,宁德时代:关于首次回购公司股份的公告,neutral,0.18,-0.01200766446668083,-0.013710879284649771,0.04138812007664466,0.10785607834788168
2025-05-07,2,1,0,1,0.09,-0.13499999999999998,-0.03181980515339462,0.22499999999999998,13933,宁德时代:关于刊发境外上市外资股(H股)发行聆讯后资料集的公告,neutral,-0.03181980515339462,0.024977997569255183,0.07707137169439665,0.10054063115544197,0.1486526130505845
2025-05-13,4,0,1,3,-0.045,-0.06749999999999999,-0.11249999999999998,0.31499999999999995,13929,宁德时代:关于刊发H股招股说明书、H股发行价格上限及H股香港公开发售等事宜的公告,neutral,-0.11249999999999998,0.014800788344862393,0.0022800170035167594,0.0163465625845346,-0.01847200216408383
2025-05-16,1,0,0,1,0.0,0.0,0.0,0.0,,,neutral,0.0,0.0024676125848241298,0.05675508945095608,0.029418568784700783,-0.03608883405305372
2025-05-19,2,0,0,2,0.0,0.0,0.0,0.0,,,neutral,0.0,0.011538461538461539,0.0398846153846154,-0.015769230769230747,-0.03403846153846152
2025-05-21,3,0,0,3,0.12,0.0,0.10392304845413264,0.09,13922,宁德时代:关于悉数行使超额配售权的公告,neutral,0.10392304845413264,-0.013536193812025612,-0.06633099824868643,-0.07472270869819028,-0.08238470519556329
2025-05-26,2,0,0,2,0.0,0.0,0.0,0.0,,,neutral,0.0,-0.0074638530676045195,-0.015826494724501802,-0.01856193825713169,-0.04986322782336858
2025-06-05,1,1,0,0,0.18,0.18,0.18,0.18,13728,宁德时代:关于回购公司A股股份的进展公告,neutral,0.18,-0.010417495029821092,-0.03324055666003982,-0.006719681908548699,-0.03737574552683899
2025-06-06,1,0,0,1,0.0,0.0,0.0,0.0,,,neutral,0.0,-0.013259402121504272,0.006509161041465785,-0.0027322404371584973,-0.0346351655416265
2025-06-17,1,0,0,1,0.0,0.18,0.09,0.09,13917,宁德时代:关于稳定价格行动、稳定价格期结束的公告,neutral,0.09,-0.002801916673434572,-0.02436449281247462,-0.001380654592706909,0.02127832372289454
2025-06-20,6,0,0,6,0.0,0.0,0.0,0.0,,,neutral,0.0,-0.0027054024806458725,0.0609339881794723,0.04465995171897119,0.10630150670107393
2025-07-07,1,0,0,1,0.0,0.0,0.0,0.0,,,neutral,0.0,0.009275940051362704,0.04258499750852855,0.0291693817317644,0.07194603089424677
2025-07-09,2,0,0,2,0.0,0.0,0.0,0.0,,,neutral,0.0,0.004431314623338215,-0.008493353028065035,-0.023633677991137497,0.05989660265878866
2025-07-11,1,0,0,1,0.0,0.18,0.09,0.09,13906,宁德时代:关于股东无偿捐赠部分公司股份的进展公告,neutral,0.09,-0.011049723756906077,-0.026151012891344468,-0.0011049723756906497,0.04162062615101293
2025-07-21,1,0,0,1,0.0,0.0,0.0,0.0,,,neutral,0.0,0.025030394049917755,0.019809769005220492,0.02374311664163622,-0.0471286562254166
2025-08-01,10,1,0,9,0.018,-0.006,0.018973665961010275,0.21,13898,宁德时代:2025年半年度非经营性资金占用及其他关联资金往来情况汇总表,neutral,0.018973665961010275,0.012962329418025716,0.007336450374425084,0.001558520545862413,0.06690234538335812
2025-08-05,1,0,0,1,0.0,0.0,0.0,0.0,,,neutral,0.0,-0.002634550244636766,-0.008355287918705196,-0.009220925856228787,0.045540082800150636
2025-08-07,1,0,0,1,0.0,0.0,0.0,0.0,,,neutral,0.0,0.001634670214788089,0.0007603117278083582,0.0640182474814673,0.06063486029271997
2025-08-14,1,0,0,1,0.0,0.18,0.09,0.09,13888,宁德时代:2025年中期分红A股实施公告,neutral,0.09,0.0027868091035765106,-0.007467219264711047,-0.003179820643824311,-0.008860623816499201
2025-09-05,1,0,0,1,0.0,0.0,0.0,0.0,,,neutral,0.0,0.0007997293223831654,-0.027898249823136764,-0.0003383470210083161,0.13343176155762662
2025-09-09,8,0,0,8,0.045,0.01125,0.07954951288348659,0.09,13873,宁德时代:关于2022年股票期权与限制性股票激励计划之股票期权首次及预留授予第三个行权期行权条件成就的公告,neutral,0.07954951288348659,-0.012374999999999936,0.015625,0.10443750000000004,0.15046874999999993
2025-09-15,2,0,0,2,0.0,0.0,0.0,0.0,,,neutral,0.0,-0.003608683394417741,0.03436707076402593,0.04327600789399499,0.12029884409360027
2025-09-19,1,0,0,1,0.0,0.0,0.0,0.0,,,neutral,0.0,0.004233493446226498,0.031045618605660935,0.03232109419522909,0.01630980487937255
2025-10-10,1,0,0,1,0.0,0.0,0.0,0.0,,,neutral,0.0,-0.01950517083387875,-0.0331195182615525,-0.06233800235632937,0.010001309071868029
2025-10-21,1,0,0,1,0.0,0.0,0.0,0.0,,,neutral,0.0,-0.008087257249268327,0.026256983240223478,0.028145783453046132,0.008113860069167363
2025-10-22,8,0,0,8,0.045,0.0,0.06363961030678927,0.09,13854,宁德时代:关于2021年股票期权与限制性股票激励计划之股票期权首次及预留授予第四个行权期行权条件成就的公告,neutral,0.06363961030678927,0.009628278710507898,0.03572386418494875,0.07278871426272591,0.04248243308480388
2025-11-06,1,0,0,1,0.0,0.0,0.0,0.0,,,neutral,0.0,0.0017482517482517424,-0.023005979527718618,0.053004966048444346,-0.03874024526198444
2025-11-17,2,0,1,1,-0.09,-0.27999999999999997,-0.26162950903902255,0.22999999999999998,13713,宁德时代:股东询价转让计划书,negative,-0.26162950903902255,-0.014790930958595561,-0.02914683453605606,-0.051768258355084605,-0.01998566968626835
2025-11-18,1,0,1,0,-0.18,-0.27999999999999997,-0.22999999999999998,0.22999999999999998,13712,宁德时代:股东询价转让定价情况提示性公告,neutral,-0.22999999999999998,0.015844155844155904,-0.03896103896103896,-0.032831168831168794,-0.01277922077922082
2025-11-19,2,0,0,2,0.0,0.0,0.0,0.0,,,neutral,0.0,-0.029941191511122567,-0.05254410636665817,-0.046739964203528585,-0.03840450012784464
2025-11-25,3,0,1,2,-0.12,-0.15,-0.2338268590217984,0.31499999999999995,13707,宁德时代:中国国际金融股份有限公司关于宁德时代新能源科技股份有限公司股东向特定机构投资者询价转让股份的核查报告,neutral,-0.2338268590217984,0.001235363626597861,0.0022558814050917795,0.02073262434203451,0.040901278332796116
2025-12-02,1,0,0,1,0.0,0.0,0.0,0.0,,,neutral,0.0,-0.010524100189433803,0.02370553567669962,0.019758998105661944,-0.004393811829088505
2025-12-05,1,0,0,1,0.0,0.0,0.0,0.0,,,neutral,0.0,0.008764039168315878,-0.017245367395718164,0.006964969544321459,-0.03878280089439455
2025-12-08,35,0,0,35,0.0,0.0025714285714285713,0.0076063882925566486,0.045,13827,宁德时代:《防范控股股东及其关联方资金占用制度》(2025年12月修订),neutral,0.0076063882925566486,-0.012509554140127452,-0.008942675159235646,-0.017834394904458598,-0.0526369426751593
2025-12-11,3,0,0,3,0.0,0.0,0.0,0.0,,,neutral,0.0,0.007223836088331325,-0.0271986426386282,-0.04367721535257978,-0.04108074757705858
2025-12-17,1,0,0,1,0.0,0.0,0.0,0.0,,,neutral,0.0,-0.029784570444942923,-0.0302018674038914,-0.020395388868603603,-0.042146992853789644
2025-12-26,3,0,0,3,0.0,0.0,0.0,0.0,,,neutral,0.0,-0.013674117992682222,-0.019149106642096028,-0.0011751195149961213,-0.04120930480997785
2026-01-08,1,0,0,1,0.0,0.0,0.0,0.0,,,neutral,0.0,5.4169713713167724e-05,-0.027653638850518622,-0.04187318870019767,-0.06340564990114018
2026-01-12,3,0,0,3,0.0,0.0,0.0,0.0,,,neutral,0.0,-0.00740986507409867,-0.02192545896925461,-0.03533510285335111,-0.05427449679274495
2026-01-26,1,0,0,1,0.0,0.0,0.0,0.0,,,neutral,0.0,-0.007747405350095115,-0.0004677678701944891,0.020260195877795664,0.07826341178190317
2026-02-06,1,0,0,1,0.0,0.0,0.0,0.0,,,neutral,0.0,-0.0007856736474222331,-0.0030072336159952685,-0.010213757416488414,-0.07826935060009207
2026-02-10,7,0,0,7,0.025714285714285714,0.0,0.034016802570830444,0.09,13786,宁德时代:2026年A股员工持股计划(草案)摘要,neutral,0.034016802570830444,0.008302052223470347,0.0010137819546810632,-0.0076444639285421275,-0.07143052853659218
2026-02-11,5,0,0,5,0.0,0.0,0.0,0.0,,,neutral,0.0,0.021385869565217402,-0.016440217391304378,-0.059782608695652176,-0.04823369565217391
2026-02-12,1,0,0,1,0.0,0.0,0.0,0.0,,,neutral,0.0,-0.028015005187964,-0.03642216723867294,-0.0900843376699391,-0.056136430148721696
2026-02-13,1,0,0,1,0.0,0.0,0.0,0.0,,,neutral,0.0,-0.009279027754967938,-0.052936990200908675,-0.06875786938194545,-0.02145946241856894
2026-02-27,1,0,0,1,0.0,0.0,0.0,0.0,,,neutral,0.0,-0.005233765094587771,-0.00909330136545719,0.037308850618402944,0.1607847723750768
2026-03-06,1,0,0,1,0.0,0.0,0.0,0.0,,,neutral,0.0,0.007695126419934094,0.11847112213546813,0.119034867660738,0.16413450968232945
2026-03-11,33,1,1,31,0.0,-0.01121212121212121,-0.03220436635180409,0.22999999999999998,13754,宁德时代:关于2025年度计提减值准备的公告,neutral,-0.03220436635180409,-0.0032762096774193836,0.029233870967741847,0.013155241935483796,0.0025453629032257835
2026-04-01,1,0,0,1,-0.18,0.18,0.0,0.0,,,neutral,0.0,-0.01119025905203215,-0.05205688792487246,-0.038746888171353855,0.11897660890784068
2026-04-07,3,0,0,3,0.0,0.0,0.0,0.0,,,neutral,0.0,0.017447151511999888,0.08167139031176064,0.12012792844327738,0.1638368132296733
2026-04-08,1,1,0,0,0.18,0.18,0.18,0.18,13724,宁德时代:关于A股股份回购结果暨股份变动的公告,neutral,0.18,-0.0033478149757219583,0.09156657296192175,0.10145668285203166,0.11512905698952214
2026-04-10,1,0,0,1,0.0,0.0,0.0,0.0,,,neutral,0.0,0.026754807692307682,0.036057692307692304,0.0677884615384615,0.0694711538461538
2026-04-16,1,0,0,1,0.0,0.18,0.09,0.09,13722,宁德时代:2025年度A股权益分派实施公告,neutral,0.09,-0.02154279924225743,-0.014053482532270133,-0.033217322349002244,-0.03960526895457953
2026-04-17,6,0,0,6,0.03,0.0,0.03674234614174767,0.09,13720,宁德时代:关于调整股权激励计划及员工持股计划相关价格的公告,neutral,0.03674234614174767,-0.026339486717694708,-0.01767221972084639,0.0015758667266996592,0.035569563259792915
2026-04-20,1,0,0,1,0.0,-0.21,-0.105,0.105,13714,宁德时代:中信建投证券股份有限公司关于宁德时代新能源科技股份有限公司股东向特定机构投资者询价转让股份相关资格的核查意见,neutral,-0.105,0.03491329479768791,0.014797687861271624,0.005502890173410394,0.044254335260115574
2026-04-23,1,0,0,1,0.0,0.0,0.0,0.0,,,neutral,0.0,0.013670539986329461,-0.025586694007746554,-0.006607427660059188,-0.01742993848257001
2026-04-24,2,0,0,2,-0.09,-0.22499999999999998,-0.22273863607376243,0.22499999999999998,13710,宁德时代:中信建投证券股份有限公司关于宁德时代新能源科技股份有限公司股东向特定机构投资者询价转让股份的核查报告,neutral,-0.22273863607376243,-0.022521915037086945,0.00022476961114862383,0.03394021128343453,
2026-04-29,2,0,1,1,-0.09,-0.24,-0.23334523779156063,0.32999999999999996,13706,宁德时代:关于根据一般性授权配售新H股的公告,neutral,-0.23334523779156063,-0.020224719101123594,0.014921348314606711,0.002494382022471941,
2026-05-06,2,0,1,1,-0.09,-0.255,-0.24395183950935886,0.345,13702,宁德时代:关于完成配售H股的公告,neutral,-0.24395183950935886,-0.01817391304347829,-0.030195652173913012,,
2026-05-08,1,0,0,1,0.0,0.0,0.0,0.0,,,neutral,0.0,0.020846681922196828,,,
2026-05-12,1,0,0,1,0.0,0.18,0.09,0.09,13700,宁德时代:关于控股股东无偿捐赠部分公司股份的进展公告,neutral,0.09,,,,
